round,val_macro_f1,val_micro_f1,test_macro_f1,test_micro_f1,epsilon,per_language_test,elapsed_sec
0,0.1822,0.2219,0.1849,0.223,,"{""chn"": {""n_samples"": 1275, ""macro_f1"": 0.10516549691281678, ""micro_f1"": 0.25386996904024767, ""per_label"": {""joy"": {""f1"": 0.07003891050583658, ""precision"": 1.0, ""recall"": 0.036290322580645164, ""support"": 248}, ""anger"": {""f1"": 0.40700808625336926, ""precision"": 0.9263803680981595, ""recall"": 0.2607944732297064, ""support"": 579}, ""fear"": {""f1"": 0.0, ""precision"": 0.0, ""recall"": 0.0, ""support"": 38}, ""sadness"": {""f1"": 0.04878048780487805, ""precision"": 1.0, ""recall"": 0.025, ""support"": 160}, ""surprise"": {""f1"": 0.0, ""precision"": 0.0, ""recall"": 0.0, ""support"": 91}}}, ""deu"": {""n_samples"": 1230, ""macro_f1"": 0.07668029181973404, ""micro_f1"": 0.1426056338028169, ""per_label"": {""joy"": {""f1"": 0.0, ""precision"": 0.0, ""recall"": 0.0, ""support"": 252}, ""anger"": {""f1"": 0.3116883116883117, ""precision"": 0.9473684210526315, ""recall"": 0.18652849740932642, ""support"": 386}, ""fear"": {""f1"": 0.0, ""precision"": 0.0, ""recall"": 0.0, ""support"": 115}, ""sadness"": {""f1"": 0.07171314741035857, ""precision"": 1.0, ""recall"": 0.0371900826446281, ""support"": 242}, ""surprise"": {""f1"": 0.0, ""precision"": 0.0, ""recall"": 0.0, ""support"": 56}}}, ""eng"": {""n_samples"": 1225, ""macro_f1"": 0.14275608569119788, ""micro_f1"": 0.33486047480216574, ""per_label"": {""joy"": {""f1"": 0.0, ""precision"": 0.0, ""recall"": 0.0, ""support"": 319}, ""anger"": {""f1"": 0.0, ""precision"": 0.0, ""recall"": 0.0, ""support"": 154}, ""fear"": {""f1"": 0.6786941580756014, ""precision"": 0.824634655532359, ""recall"": 0.5766423357664233, ""support"": 685}, ""sadness"": {""f1"": 0.029484029484029485, ""precision"": 0.8571428571428571, ""recall"": 0.015, ""support"": 400}, ""surprise"": {""f1"": 0.0056022408963585435, ""precision"": 1.0, ""recall"": 0.0028089887640449437, ""support"": 356}}}, ""esp"": {""n_samples"": 871, ""macro_f1"": 0.1295282937003091, ""micro_f1"": 0.12665985699693566, ""per_label"": {""joy"": {""f1"": 0.1346153846153846, ""precision"": 0.9130434782608695, ""recall"": 0.0726643598615917, ""support"": 289}, ""anger"": {""f1"": 0.19138755980861244, ""precision"": 1.0, ""recall"": 0.10582010582010581, ""support"": 189}, ""fear"": {""f1"": 0.21138211382113822, ""precision"": 1.0, ""recall"": 0.11818181818181818, ""support"": 110}, ""sadness"": {""f1"": 0.1, ""precision"": 0.875, ""recall"": 0.05303030303030303, ""support"": 132}, ""surprise"": {""f1"": 0.010256410256410256, ""precision"": 1.0, ""recall"": 0.005154639175257732, ""support"": 194}}}, ""hin"": {""n_samples"": 738, ""macro_f1"": 0.009230769230769232, ""micro_f1"": 0.010398613518197574, ""per_label"": {""joy"": {""f1"": 0.0, ""precision"": 0.0, ""recall"": 0.0, ""support"": 137}, ""anger"": {""f1"": 0.0, ""precision"": 0.0, ""recall"": 0.0, ""support"": 104}, ""fear"": {""f1"": 0.0, ""precision"": 0.0, ""recall"": 0.0, ""support"": 104}, ""sadness"": {""f1"": 0.046153846153846156, ""precision"": 1.0, ""recall"": 0.023622047244094488, ""support"": 127}, ""surprise"": {""f1"": 0.0, ""precision"": 0.0, ""recall"": 0.0, ""support"": 102}}}}",455.5
1,0.6925,0.6996,0.6983,0.706,,"{""chn"": {""n_samples"": 1275, ""macro_f1"": 0.6190135637909334, ""micro_f1"": 0.7512242899118511, ""per_label"": {""joy"": {""f1"": 0.8243243243243243, ""precision"": 0.9336734693877551, ""recall"": 0.7379032258064516, ""support"": 248}, ""anger"": {""f1"": 0.820647419072616, ""precision"": 0.8315602836879432, ""recall"": 0.8100172711571675, ""support"": 579}, ""fear"": {""f1"": 0.44, ""precision"": 0.9166666666666666, ""recall"": 0.2894736842105263, ""support"": 38}, ""sadness"": {""f1"": 0.5318352059925093, ""precision"": 0.6635514018691588, ""recall"": 0.44375, ""support"": 160}, ""surprise"": {""f1"": 0.4782608695652174, ""precision"": 0.7021276595744681, ""recall"": 0.3626373626373626, ""support"": 91}}}, ""deu"": {""n_samples"": 1230, ""macro_f1"": 0.46094771081316777, ""micro_f1"": 0.5839002267573696, ""per_label"": {""joy"": {""f1"": 0.5526315789473685, ""precision"": 0.8203125, ""recall"": 0.4166666666666667, ""support"": 252}, ""anger"": {""f1"": 0.7183098591549296, ""precision"": 0.7870370370370371, ""recall"": 0.6606217616580311, ""support"": 386}, ""fear"": {""f1"": 0.2716049382716049, ""precision"": 0.46808510638297873, ""recall"": 0.19130434782608696, ""support"": 115}, ""sadness"": {""f1"": 0.5779816513761468, ""precision"": 0.6494845360824743, ""recall"": 0.5206611570247934, ""support"": 242}, ""surprise"": {""f1"": 0.18421052631578946, ""precision"": 0.35, ""recall"": 0.125, ""support"": 56}}}, ""eng"": {""n_samples"": 1225, ""macro_f1"": 0.5983822666134493, ""micro_f1"": 0.6828579497317142, ""per_label"": {""joy"": {""f1"": 0.49074074074074076, ""precision"": 0.9380530973451328, ""recall"": 0.3322884012539185, ""support"": 319}, ""anger"": {""f1"": 0.40186915887850466, ""precision"": 0.7166666666666667, ""recall"": 0.2792207792207792, ""support"": 154}, ""fear"": {""f1"": 0.8135593220338984, ""precision"": 0.759493670886076, ""recall"": 0.8759124087591241, ""support"": 685}, ""sadness"": {""f1"": 0.6764705882352942, ""precision"": 0.6634615384615384, ""recall"": 0.69, ""support"": 400}, ""surprise"": {""f1"": 0.609271523178808, ""precision"": 0.7419354838709677, ""recall"": 0.5168539325842697, ""support"": 356}}}, ""esp"": {""n_samples"": 871, ""macro_f1"": 0.7679690391223282, ""micro_f1"": 0.7662263067202757, ""per_label"": {""joy"": {""f1"": 0.8062015503875969, ""precision"": 0.9162995594713657, ""recall"": 0.7197231833910035, ""support"": 289}, ""anger"": {""f1"": 0.7444168734491315, ""precision"": 0.7009345794392523, ""recall"": 0.7936507936507936, ""support"": 189}, ""fear"": {""f1"": 0.8, ""precision"": 0.84, ""recall"": 0.7636363636363637, ""support"": 110}, ""sadness"": {""f1"": 0.7984189723320159, ""precision"": 0.8347107438016529, ""recall"": 0.7651515151515151, ""support"": 132}, ""surprise"": {""f1"": 0.6908077994428969, ""precision"": 0.7515151515151515, ""recall"": 0.6391752577319587, ""support"": 194}}}, ""hin"": {""n_samples"": 738, ""macro_f1"": 0.7978516446074735, ""micro_f1"": 0.7988826815642458, ""per_label"": {""joy"": {""f1"": 0.8442622950819673, ""precision"": 0.9626168224299065, ""recall"": 0.7518248175182481, ""support"": 137}, ""anger"": {""f1"": 0.7309644670050761, ""precision"": 0.7741935483870968, ""recall"": 0.6923076923076923, ""support"": 104}, ""fear"": {""f1"": 0.7934782608695652, ""precision"": 0.9125, ""recall"": 0.7019230769230769, ""support"": 104}, ""sadness"": {""f1"": 0.7795275590551181, ""precision"": 0.7795275590551181, ""recall"": 0.7795275590551181, ""support"": 127}, ""surprise"": {""f1"": 0.841025641025641, ""precision"": 0.8817204301075269, ""recall"": 0.803921568627451, ""support"": 102}}}}",459.1
2,0.7327,0.739,0.7352,0.7422,,"{""chn"": {""n_samples"": 1275, ""macro_f1"": 0.6542461162779466, ""micro_f1"": 0.781092244148692, ""per_label"": {""joy"": {""f1"": 0.852589641434263, ""precision"": 0.84251968503937, ""recall"": 0.8629032258064516, ""support"": 248}, ""anger"": {""f1"": 0.8451178451178452, ""precision"": 0.8243021346469622, ""recall"": 0.8670120898100173, ""support"": 579}, ""fear"": {""f1"": 0.44, ""precision"": 0.9166666666666666, ""recall"": 0.2894736842105263, ""support"": 38}, ""sadness"": {""f1"": 0.5572519083969466, ""precision"": 0.7156862745098039, ""recall"": 0.45625, ""support"": 160}, ""surprise"": {""f1"": 0.576271186440678, ""precision"": 0.5930232558139535, ""recall"": 0.5604395604395604, ""support"": 91}}}, ""deu"": {""n_samples"": 1230, ""macro_f1"": 0.547958566312069, ""micro_f1"": 0.6482171367748802, ""per_label"": {""joy"": {""f1"": 0.671264367816092, ""precision"": 0.7978142076502732, ""recall"": 0.5793650793650794, ""support"": 252}, ""anger"": {""f1"": 0.7550200803212851, ""precision"": 0.7811634349030471, ""recall"": 0.7305699481865285, ""support"": 386}, ""fear"": {""f1"": 0.3448275862068966, ""precision"": 0.5084745762711864, ""recall"": 0.2608695652173913, ""support"": 115}, ""sadness"": {""f1"": 0.6238532110091743, ""precision"": 0.7010309278350515, ""recall"": 0.5619834710743802, ""support"": 242}, ""surprise"": {""f1"": 0.3448275862068966, ""precision"": 0.4838709677419355, ""recall"": 0.26785714285714285, ""support"": 56}}}, ""eng"": {""n_samples"": 1225, ""macro_f1"": 0.6647541183223952, ""micro_f1"": 0.7167762217776508, ""per_label"": {""joy"": {""f1"": 0.676923076923077, ""precision"": 0.8756218905472637, ""recall"": 0.5517241379310345, ""support"": 319}, ""anger"": {""f1"": 0.5020576131687243, ""precision"": 0.6853932584269663, ""recall"": 0.3961038961038961, ""support"": 154}, ""fear"": {""f1"": 0.8216606498194946, ""precision"": 0.8128571428571428, ""recall"": 0.8306569343065694, ""support"": 685}, ""sadness"": {""f1"": 0.6802721088435374, ""precision"": 0.746268656716418, ""recall"": 0.625, ""support"": 400}, ""surprise"": {""f1"": 0.6428571428571429, ""precision"": 0.7615384615384615, ""recall"": 0.5561797752808989, ""support"": 356}}}, ""esp"": {""n_samples"": 871, ""macro_f1"": 0.7952009941627717, ""micro_f1"": 0.7931623931623931, ""per_label"": {""joy"": {""f1"": 0.8367729831144465, ""precision"": 0.9139344262295082, ""recall"": 0.7716262975778547, ""support"": 289}, ""anger"": {""f1"": 0.7383863080684596, ""precision"": 0.6863636363636364, ""recall"": 0.798941798941799, ""support"": 189}, ""fear"": {""f1"": 0.822429906542056, ""precision"": 0.8461538461538461, ""recall"": 0.8, ""support"": 110}, ""sadness"": {""f1"": 0.8326530612244898, ""precision"": 0.9026548672566371, ""recall"": 0.7727272727272727, ""support"": 132}, ""surprise"": {""f1"": 0.7457627118644068, ""precision"": 0.825, ""recall"": 0.6804123711340206, ""support"": 194}}}, ""hin"": {""n_samples"": 738, ""macro_f1"": 0.8203000827029768, ""micro_f1"": 0.8231111111111111, ""per_label"": {""joy"": {""f1"": 0.8679245283018868, ""precision"": 0.8984375, ""recall"": 0.8394160583941606, ""support"": 137}, ""anger"": {""f1"": 0.7203791469194313, ""precision"": 0.7102803738317757, ""recall"": 0.7307692307692307, ""support"": 104}, ""fear"": {""f1"": 0.8082901554404145, ""precision"": 0.8764044943820225, ""recall"": 0.75, ""support"": 104}, ""sadness"": {""f1"": 0.8353413654618473, ""precision"": 0.8524590163934426, ""recall"": 0.8188976377952756, ""support"": 127}, ""surprise"": {""f1"": 0.8695652173913043, ""precision"": 0.8571428571428571, ""recall"": 0.8823529411764706, ""support"": 102}}}}",451.4
3,0.7529,0.7569,0.7539,0.7578,,"{""chn"": {""n_samples"": 1275, ""macro_f1"": 0.6994010465226671, ""micro_f1"": 0.793418647166362, ""per_label"": {""joy"": {""f1"": 0.8582995951417004, ""precision"": 0.8617886178861789, ""recall"": 0.8548387096774194, ""support"": 248}, ""anger"": {""f1"": 0.8544520547945206, ""precision"": 0.8471986417657046, ""recall"": 0.8618307426597582, ""support"": 579}, ""fear"": {""f1"": 0.576271186440678, ""precision"": 0.8095238095238095, ""recall"": 0.4473684210526316, ""support"": 38}, ""sadness"": {""f1"": 0.5797101449275363, ""precision"": 0.6896551724137931, ""recall"": 0.5, ""support"": 160}, ""surprise"": {""f1"": 0.6282722513089005, ""precision"": 0.6, ""recall"": 0.6593406593406593, ""support"": 91}}}, ""deu"": {""n_samples"": 1230, ""macro_f1"": 0.5577232726784007, ""micro_f1"": 0.6526639344262295, ""per_label"": {""joy"": {""f1"": 0.6834862385321101, ""precision"": 0.8097826086956522, ""recall"": 0.5912698412698413, ""support"": 252}, ""anger"": {""f1"": 0.7654320987654321, ""precision"": 0.8134110787172012, ""recall"": 0.7227979274611399, ""support"": 386}, ""fear"": {""f1"": 0.3825136612021858, ""precision"": 0.5147058823529411, ""recall"": 0.30434782608695654, ""support"": 115}, ""sadness"": {""f1"": 0.6328600405679513, ""precision"": 0.6215139442231076, ""recall"": 0.6446280991735537, ""support"": 242}, ""surprise"": {""f1"": 0.32432432432432434, ""precision"": 0.32727272727272727, ""recall"": 0.32142857142857145, ""support"": 56}}}, ""eng"": {""n_samples"": 1225, ""macro_f1"": 0.6949024719711228, ""micro_f1"": 0.7439024390243902, ""per_label"": {""joy"": {""f1"": 0.6934865900383141, ""precision"": 0.8916256157635468, ""recall"": 0.567398119122257, ""support"": 319}, ""anger"": {""f1"": 0.5147679324894515, ""precision"": 0.7349397590361446, ""recall"": 0.3961038961038961, ""support"": 154}, ""fear"": {""f1"": 0.830298616168973, ""precision"": 0.8284883720930233, ""recall"": 0.8321167883211679, ""support"": 685}, ""sadness"": {""f1"": 0.7202007528230866, ""precision"": 0.7229219143576826, ""recall"": 0.7175, ""support"": 400}, ""surprise"": {""f1"": 0.7157584683357879, ""precision"": 0.7523219814241486, ""recall"": 0.6825842696629213, ""support"": 356}}}, ""esp"": {""n_samples"": 871, ""macro_f1"": 0.814025576321181, ""micro_f1"": 0.8098710039259674, ""per_label"": {""joy"": {""f1"": 0.851782363977486, ""precision"": 0.930327868852459, ""recall"": 0.7854671280276817, ""support"": 289}, ""anger"": {""f1"": 0.7506172839506173, ""precision"": 0.7037037037037037, ""recall"": 0.8042328042328042, ""support"": 189}, ""fear"": {""f1"": 0.8691588785046729, ""precision"": 0.8942307692307693, ""recall"": 0.8454545454545455, ""support"": 110}, ""sadness"": {""f1"": 0.8384615384615385, ""precision"": 0.8515625, ""recall"": 0.8257575757575758, ""support"": 132}, ""surprise"": {""f1"": 0.7601078167115903, ""precision"": 0.7966101694915254, ""recall"": 0.7268041237113402, ""support"": 194}}}, ""hin"": {""n_samples"": 738, ""macro_f1"": 0.8301087082236936, ""micro_f1"": 0.8324514991181657, ""per_label"": {""joy"": {""f1"": 0.8676470588235294, ""precision"": 0.8740740740740741, ""recall"": 0.8613138686131386, ""support"": 137}, ""anger"": {""f1"": 0.7425742574257426, ""precision"": 0.7653061224489796, ""recall"": 0.7211538461538461, ""support"": 104}, ""fear"": {""f1"": 0.826530612244898, ""precision"": 0.8804347826086957, ""recall"": 0.7788461538461539, ""support"": 104}, ""sadness"": {""f1"": 0.8249027237354085, ""precision"": 0.8153846153846154, ""recall"": 0.8346456692913385, ""support"": 127}, ""surprise"": {""f1"": 0.8888888888888888, ""precision"": 0.8761904761904762, ""recall"": 0.9019607843137255, ""support"": 102}}}}",456.3
4,0.7596,0.7635,0.7613,0.7651,,"{""chn"": {""n_samples"": 1275, ""macro_f1"": 0.7141949165098533, ""micro_f1"": 0.7944219523166891, ""per_label"": {""joy"": {""f1"": 0.8631578947368421, ""precision"": 0.9030837004405287, ""recall"": 0.8266129032258065, ""support"": 248}, ""anger"": {""f1"": 0.8566523605150215, ""precision"": 0.8515358361774744, ""recall"": 0.8618307426597582, ""support"": 579}, ""fear"": {""f1"": 0.6229508196721312, ""precision"": 0.8260869565217391, ""recall"": 0.5, ""support"": 38}, ""sadness"": {""f1"": 0.6078431372549019, ""precision"": 0.636986301369863, ""recall"": 0.58125, ""support"": 160}, ""surprise"": {""f1"": 0.6203703703703703, ""precision"": 0.536, ""recall"": 0.7362637362637363, ""support"": 91}}}, ""deu"": {""n_samples"": 1230, ""macro_f1"": 0.5822522652323374, ""micro_f1"": 0.6652956298200514, ""per_label"": {""joy"": {""f1"": 0.6744730679156908, ""precision"": 0.8228571428571428, ""recall"": 0.5714285714285714, ""support"": 252}, ""anger"": {""f1"": 0.7777777777777778, ""precision"": 0.8153409090909091, ""recall"": 0.7435233160621761, ""support"": 386}, ""fear"": {""f1"": 0.43010752688172044, ""precision"": 0.5633802816901409, ""recall"": 0.34782608695652173, ""support"": 115}, ""sadness"": {""f1"": 0.6455696202531646, ""precision"": 0.6594827586206896, ""recall"": 0.6322314049586777, ""support"": 242}, ""surprise"": {""f1"": 0.38333333333333336, ""precision"": 0.359375, ""recall"": 0.4107142857142857, ""support"": 56}}}, ""eng"": {""n_samples"": 1225, ""macro_f1"": 0.7009257819212579, ""micro_f1"": 0.7489106753812637, ""per_label"": {""joy"": {""f1"": 0.6693069306930693, ""precision"": 0.9086021505376344, ""recall"": 0.5297805642633229, ""support"": 319}, ""anger"": {""f1"": 0.544, ""precision"": 0.7083333333333334, ""recall"": 0.44155844155844154, ""support"": 154}, ""fear"": {""f1"": 0.8333333333333334, ""precision"": 0.7947019867549668, ""recall"": 0.8759124087591241, ""support"": 685}, ""sadness"": {""f1"": 0.7222222222222222, ""precision"": 0.7295918367346939, ""recall"": 0.715, ""support"": 400}, ""surprise"": {""f1"": 0.7357664233576642, ""precision"": 0.7659574468085106, ""recall"": 0.7078651685393258, ""support"": 356}}}, ""esp"": {""n_samples"": 871, ""macro_f1"": 0.8216535920773038, ""micro_f1"": 0.81859410430839, ""per_label"": {""joy"": {""f1"": 0.8651685393258427, ""precision"": 0.9428571428571428, ""recall"": 0.7993079584775087, ""support"": 289}, ""anger"": {""f1"": 0.7696335078534031, ""precision"": 0.7616580310880829, ""recall"": 0.7777777777777778, ""support"": 189}, ""fear"": {""f1"": 0.8785046728971962, ""precision"": 0.9038461538461539, ""recall"": 0.8545454545454545, ""support"": 110}, ""sadness"": {""f1"": 0.8449612403100775, ""precision"": 0.8650793650793651, ""recall"": 0.8257575757575758, ""support"": 132}, ""surprise"": {""f1"": 0.75, ""precision"": 0.7747252747252747, ""recall"": 0.7268041237113402, ""support"": 194}}}, ""hin"": {""n_samples"": 738, ""macro_f1"": 0.8433976655989355, ""micro_f1"": 0.8473684210526315, ""per_label"": {""joy"": {""f1"": 0.8921933085501859, ""precision"": 0.9090909090909091, ""recall"": 0.8759124087591241, ""support"": 137}, ""anger"": {""f1"": 0.7425742574257426, ""precision"": 0.7653061224489796, ""recall"": 0.7211538461538461, ""support"": 104}, ""fear"": {""f1"": 0.8341708542713567, ""precision"": 0.8736842105263158, ""recall"": 0.7980769230769231, ""support"": 104}, ""sadness"": {""f1"": 0.8560311284046692, ""precision"": 0.8461538461538461, ""recall"": 0.8661417322834646, ""support"": 127}, ""surprise"": {""f1"": 0.892018779342723, ""precision"": 0.8558558558558559, ""recall"": 0.9313725490196079, ""support"": 102}}}}",456.0
5,0.7656,0.768,0.7665,0.7696,,"{""chn"": {""n_samples"": 1275, ""macro_f1"": 0.7104544976282123, ""micro_f1"": 0.7902707664066085, ""per_label"": {""joy"": {""f1"": 0.8583333333333333, ""precision"": 0.8879310344827587, ""recall"": 0.8306451612903226, ""support"": 248}, ""anger"": {""f1"": 0.8515901060070671, ""precision"": 0.8716094032549728, ""recall"": 0.8324697754749568, ""support"": 579}, ""fear"": {""f1"": 0.6129032258064516, ""precision"": 0.7916666666666666, ""recall"": 0.5, ""support"": 38}, ""sadness"": {""f1"": 0.5935483870967742, ""precision"": 0.6133333333333333, ""recall"": 0.575, ""support"": 160}, ""surprise"": {""f1"": 0.6358974358974359, ""precision"": 0.5961538461538461, ""recall"": 0.6813186813186813, ""support"": 91}}}, ""deu"": {""n_samples"": 1230, ""macro_f1"": 0.6096357997535422, ""micro_f1"": 0.6718346253229974, ""per_label"": {""joy"": {""f1"": 0.6776470588235294, ""precision"": 0.8323699421965318, ""recall"": 0.5714285714285714, ""support"": 252}, ""anger"": {""f1"": 0.7655367231638418, ""precision"": 0.8416149068322981, ""recall"": 0.7020725388601037, ""support"": 386}, ""fear"": {""f1"": 0.5631067961165048, ""precision"": 0.6373626373626373, ""recall"": 0.5043478260869565, ""support"": 115}, ""sadness"": {""f1"": 0.6481876332622601, ""precision"": 0.6696035242290749, ""recall"": 0.628099173553719, ""support"": 242}, ""surprise"": {""f1"": 0.3937007874015748, ""precision"": 0.352112676056338, ""recall"": 0.44642857142857145, ""support"": 56}}}, ""eng"": {""n_samples"": 1225, ""macro_f1"": 0.7176896755673526, ""micro_f1"": 0.7635172037138176, ""per_label"": {""joy"": {""f1"": 0.6824457593688363, ""precision"": 0.9202127659574468, ""recall"": 0.542319749216301, ""support"": 319}, ""anger"": {""f1"": 0.570281124497992, ""precision"": 0.7473684210526316, ""recall"": 0.461038961038961, ""support"": 154}, ""fear"": {""f1"": 0.8495702005730659, ""precision"": 0.8340365682137834, ""recall"": 0.8656934306569343, ""support"": 685}, ""sadness"": {""f1"": 0.7427884615384616, ""precision"": 0.7152777777777778, ""recall"": 0.7725, ""support"": 400}, ""surprise"": {""f1"": 0.7433628318584071, ""precision"": 0.782608695652174, ""recall"": 0.7078651685393258, ""support"": 356}}}, ""esp"": {""n_samples"": 871, ""macro_f1"": 0.813324629799609, ""micro_f1"": 0.8116591928251121, ""per_label"": {""joy"": {""f1"": 0.8705440900562852, ""precision"": 0.9508196721311475, ""recall"": 0.8027681660899654, ""support"": 289}, ""anger"": {""f1"": 0.7531806615776081, ""precision"": 0.7254901960784313, ""recall"": 0.783068783068783, ""support"": 189}, ""fear"": {""f1"": 0.8755760368663594, ""precision"": 0.8878504672897196, ""recall"": 0.8636363636363636, ""support"": 110}, ""sadness"": {""f1"": 0.8226415094339623, ""precision"": 0.8195488721804511, ""recall"": 0.8257575757575758, ""support"": 132}, ""surprise"": {""f1"": 0.7446808510638298, ""precision"": 0.7692307692307693, ""recall"": 0.7216494845360825, ""support"": 194}}}, ""hin"": {""n_samples"": 738, ""macro_f1"": 0.8450103680559728, ""micro_f1"": 0.8493870402802102, ""per_label"": {""joy"": {""f1"": 0.8913857677902621, ""precision"": 0.9153846153846154, ""recall"": 0.8686131386861314, ""support"": 137}, ""anger"": {""f1"": 0.7676767676767676, ""precision"": 0.8085106382978723, ""recall"": 0.7307692307692307, ""support"": 104}, ""fear"": {""f1"": 0.8181818181818182, ""precision"": 0.8617021276595744, ""recall"": 0.7788461538461539, ""support"": 104}, ""sadness"": {""f1"": 0.8654545454545455, ""precision"": 0.8040540540540541, ""recall"": 0.937007874015748, ""support"": 127}, ""surprise"": {""f1"": 0.8823529411764706, ""precision"": 0.8823529411764706, ""recall"": 0.8823529411764706, ""support"": 102}}}}",454.0
6,0.7749,0.7795,0.7785,0.7831,,"{""chn"": {""n_samples"": 1275, ""macro_f1"": 0.7297436640352367, ""micro_f1"": 0.8022028453419, ""per_label"": {""joy"": {""f1"": 0.8653061224489796, ""precision"": 0.8760330578512396, ""recall"": 0.8548387096774194, ""support"": 248}, ""anger"": {""f1"": 0.852112676056338, ""precision"": 0.8689407540394973, ""recall"": 0.8359240069084629, ""support"": 579}, ""fear"": {""f1"": 0.6176470588235294, ""precision"": 0.7, ""recall"": 0.5526315789473685, ""support"": 38}, ""sadness"": {""f1"": 0.6209150326797386, ""precision"": 0.6506849315068494, ""recall"": 0.59375, ""support"": 160}, ""surprise"": {""f1"": 0.6927374301675978, ""precision"": 0.7045454545454546, ""recall"": 0.6813186813186813, ""support"": 91}}}, ""deu"": {""n_samples"": 1230, ""macro_f1"": 0.6335542382075986, ""micro_f1"": 0.704325699745547, ""per_label"": {""joy"": {""f1"": 0.7136363636363636, ""precision"": 0.8351063829787234, ""recall"": 0.623015873015873, ""support"": 252}, ""anger"": {""f1"": 0.7967698519515478, ""precision"": 0.8291316526610645, ""recall"": 0.7668393782383419, ""support"": 386}, ""fear"": {""f1"": 0.5576923076923077, ""precision"": 0.6236559139784946, ""recall"": 0.5043478260869565, ""support"": 115}, ""sadness"": {""f1"": 0.676595744680851, ""precision"": 0.6973684210526315, ""recall"": 0.6570247933884298, ""support"": 242}, ""surprise"": {""f1"": 0.4230769230769231, ""precision"": 0.4583333333333333, ""recall"": 0.39285714285714285, ""support"": 56}}}, ""eng"": {""n_samples"": 1225, ""macro_f1"": 0.7285108768010562, ""micro_f1"": 0.7679067184897279, ""per_label"": {""joy"": {""f1"": 0.7096774193548387, ""precision"": 0.8990384615384616, ""recall"": 0.5862068965517241, ""support"": 319}, ""anger"": {""f1"": 0.6064981949458483, ""precision"": 0.6829268292682927, ""recall"": 0.5454545454545454, ""support"": 154}, ""fear"": {""f1"": 0.8514285714285714, ""precision"": 0.8335664335664336, ""recall"": 0.8700729927007299, ""support"": 685}, ""sadness"": {""f1"": 0.7444876783398184, ""precision"": 0.7735849056603774, ""recall"": 0.7175, ""support"": 400}, ""surprise"": {""f1"": 0.7304625199362041, ""precision"": 0.8450184501845018, ""recall"": 0.6432584269662921, ""support"": 356}}}, ""esp"": {""n_samples"": 871, ""macro_f1"": 0.8257255161712734, ""micro_f1"": 0.8277404921700223, ""per_label"": {""joy"": {""f1"": 0.8860294117647058, ""precision"": 0.9450980392156862, ""recall"": 0.8339100346020761, ""support"": 289}, ""anger"": {""f1"": 0.7897435897435897, ""precision"": 0.7661691542288557, ""recall"": 0.8148148148148148, ""support"": 189}, ""fear"": {""f1"": 0.8596491228070176, ""precision"": 0.8305084745762712, ""recall"": 0.8909090909090909, ""support"": 110}, ""sadness"": {""f1"": 0.8452830188679246, ""precision"": 0.8421052631578947, ""recall"": 0.8484848484848485, ""support"": 132}, ""surprise"": {""f1"": 0.7479224376731302, ""precision"": 0.8083832335329342, ""recall"": 0.6958762886597938, ""support"": 194}}}, ""hin"": {""n_samples"": 738, ""macro_f1"": 0.8569939194542965, ""micro_f1"": 0.8596338273757629, ""per_label"": {""joy"": {""f1"": 0.8787878787878788, ""precision"": 0.9133858267716536, ""recall"": 0.8467153284671532, ""support"": 137}, ""anger"": {""f1"": 0.7707317073170732, ""precision"": 0.7821782178217822, ""recall"": 0.7596153846153846, ""support"": 104}, ""fear"": {""f1"": 0.8571428571428571, ""precision"": 0.8490566037735849, ""recall"": 0.8653846153846154, ""support"": 104}, ""sadness"": {""f1"": 0.8872180451127819, ""precision"": 0.8489208633093526, ""recall"": 0.9291338582677166, ""support"": 127}, ""surprise"": {""f1"": 0.8910891089108911, ""precision"": 0.9, ""recall"": 0.8823529411764706, ""support"": 102}}}}",453.4
7,0.7803,0.7829,0.7771,0.7794,,"{""chn"": {""n_samples"": 1275, ""macro_f1"": 0.7353900297596306, ""micro_f1"": 0.7961696306429549, ""per_label"": {""joy"": {""f1"": 0.8701030927835052, ""precision"": 0.890295358649789, ""recall"": 0.8508064516129032, ""support"": 248}, ""anger"": {""f1"": 0.8445642407906558, ""precision"": 0.8801498127340824, ""recall"": 0.8117443868739206, ""support"": 579}, ""fear"": {""f1"": 0.6666666666666666, ""precision"": 0.7857142857142857, ""recall"": 0.5789473684210527, ""support"": 38}, ""sadness"": {""f1"": 0.6168831168831169, ""precision"": 0.6418918918918919, ""recall"": 0.59375, ""support"": 160}, ""surprise"": {""f1"": 0.6787330316742082, ""precision"": 0.5769230769230769, ""recall"": 0.8241758241758241, ""support"": 91}}}, ""deu"": {""n_samples"": 1230, ""macro_f1"": 0.6250370252705315, ""micro_f1"": 0.690560323069157, ""per_label"": {""joy"": {""f1"": 0.6990740740740741, ""precision"": 0.8388888888888889, ""recall"": 0.5992063492063492, ""support"": 252}, ""anger"": {""f1"": 0.7857142857142857, ""precision"": 0.8362573099415205, ""recall"": 0.7409326424870466, ""support"": 386}, ""fear"": {""f1"": 0.580952380952381, ""precision"": 0.6421052631578947, ""recall"": 0.5304347826086957, ""support"": 115}, ""sadness"": {""f1"": 0.6559356136820925, ""precision"": 0.6392156862745098, ""recall"": 0.6735537190082644, ""support"": 242}, ""surprise"": {""f1"": 0.40350877192982454, ""precision"": 0.39655172413793105, ""recall"": 0.4107142857142857, ""support"": 56}}}, ""eng"": {""n_samples"": 1225, ""macro_f1"": 0.731800127919933, ""micro_f1"": 0.7738095238095238, ""per_label"": {""joy"": {""f1"": 0.7116104868913857, ""precision"": 0.8837209302325582, ""recall"": 0.5956112852664577, ""support"": 319}, ""anger"": {""f1"": 0.5813953488372093, ""precision"": 0.7211538461538461, ""recall"": 0.487012987012987, ""support"": 154}, ""fear"": {""f1"": 0.8497854077253219, ""precision"": 0.8330995792426368, ""recall"": 0.8671532846715329, ""support"": 685}, ""sadness"": {""f1"": 0.7598566308243727, ""precision"": 0.7276887871853547, ""recall"": 0.795, ""support"": 400}, ""surprise"": {""f1"": 0.7563527653213752, ""precision"": 0.8083067092651757, ""recall"": 0.7106741573033708, ""support"": 356}}}, ""esp"": {""n_samples"": 871, ""macro_f1"": 0.8190876077522027, ""micro_f1"": 0.8189415041782729, ""per_label"": {""joy"": {""f1"": 0.8766114180478821, ""precision"": 0.937007874015748, ""recall"": 0.8235294117647058, ""support"": 289}, ""anger"": {""f1"": 0.7563451776649747, ""precision"": 0.7268292682926829, ""recall"": 0.7883597883597884, ""support"": 189}, ""fear"": {""f1"": 0.867579908675799, ""precision"": 0.8715596330275229, ""recall"": 0.8636363636363636, ""support"": 110}, ""sadness"": {""f1"": 0.8314606741573034, ""precision"": 0.8222222222222222, ""recall"": 0.8409090909090909, ""support"": 132}, ""surprise"": {""f1"": 0.7634408602150538, ""precision"": 0.797752808988764, ""recall"": 0.7319587628865979, ""support"": 194}}}, ""hin"": {""n_samples"": 738, ""macro_f1"": 0.8553828974727612, ""micro_f1"": 0.8568935427574171, ""per_label"": {""joy"": {""f1"": 0.8764044943820225, ""precision"": 0.9, ""recall"": 0.8540145985401459, ""support"": 137}, ""anger"": {""f1"": 0.7783251231527094, ""precision"": 0.797979797979798, ""recall"": 0.7596153846153846, ""support"": 104}, ""fear"": {""f1"": 0.8686868686868687, ""precision"": 0.9148936170212766, ""recall"": 0.8269230769230769, ""support"": 104}, ""sadness"": {""f1"": 0.8602941176470589, ""precision"": 0.8068965517241379, ""recall"": 0.9212598425196851, ""support"": 127}, ""surprise"": {""f1"": 0.8932038834951457, ""precision"": 0.8846153846153846, ""recall"": 0.9019607843137255, ""support"": 102}}}}",457.0
8,0.7838,0.7869,0.7848,0.7868,,"{""chn"": {""n_samples"": 1275, ""macro_f1"": 0.7282262354288517, ""micro_f1"": 0.7921604375569735, ""per_label"": {""joy"": {""f1"": 0.8830645161290323, ""precision"": 0.8830645161290323, ""recall"": 0.8830645161290323, ""support"": 248}, ""anger"": {""f1"": 0.8319709355131698, ""precision"": 0.8773946360153256, ""recall"": 0.7910189982728842, ""support"": 579}, ""fear"": {""f1"": 0.6129032258064516, ""precision"": 0.7916666666666666, ""recall"": 0.5, ""support"": 38}, ""sadness"": {""f1"": 0.622093023255814, ""precision"": 0.5815217391304348, ""recall"": 0.66875, ""support"": 160}, ""surprise"": {""f1"": 0.6910994764397905, ""precision"": 0.66, ""recall"": 0.7252747252747253, ""support"": 91}}}, ""deu"": {""n_samples"": 1230, ""macro_f1"": 0.6402059292048481, ""micro_f1"": 0.704040404040404, ""per_label"": {""joy"": {""f1"": 0.7373068432671082, ""precision"": 0.8308457711442786, ""recall"": 0.6626984126984127, ""support"": 252}, ""anger"": {""f1"": 0.7833333333333333, ""precision"": 0.844311377245509, ""recall"": 0.7305699481865285, ""support"": 386}, ""fear"": {""f1"": 0.5625, ""precision"": 0.7012987012987013, ""recall"": 0.46956521739130436, ""support"": 115}, ""sadness"": {""f1"": 0.6692913385826772, ""precision"": 0.6390977443609023, ""recall"": 0.7024793388429752, ""support"": 242}, ""surprise"": {""f1"": 0.4485981308411215, ""precision"": 0.47058823529411764, ""recall"": 0.42857142857142855, ""support"": 56}}}, ""eng"": {""n_samples"": 1225, ""macro_f1"": 0.7519952865638501, ""micro_f1"": 0.7862825788751715, ""per_label"": {""joy"": {""f1"": 0.7441860465116279, ""precision"": 0.8666666666666667, ""recall"": 0.6520376175548589, ""support"": 319}, ""anger"": {""f1"": 0.6307692307692307, ""precision"": 0.7735849056603774, ""recall"": 0.5324675324675324, ""support"": 154}, ""fear"": {""f1"": 0.855465884079237, ""precision"": 0.859882005899705, ""recall"": 0.8510948905109489, ""support"": 685}, ""sadness"": {""f1"": 0.7718865598027127, ""precision"": 0.7615571776155717, ""recall"": 0.7825, ""support"": 400}, ""surprise"": {""f1"": 0.7576687116564417, ""precision"": 0.8344594594594594, ""recall"": 0.6938202247191011, ""support"": 356}}}, ""esp"": {""n_samples"": 871, ""macro_f1"": 0.8274505956536091, ""micro_f1"": 0.8285873813512005, ""per_label"": {""joy"": {""f1"": 0.8816029143897997, ""precision"": 0.9307692307692308, ""recall"": 0.8373702422145328, ""support"": 289}, ""anger"": {""f1"": 0.7798408488063661, ""precision"": 0.7819148936170213, ""recall"": 0.7777777777777778, ""support"": 189}, ""fear"": {""f1"": 0.8691588785046729, ""precision"": 0.8942307692307693, ""recall"": 0.8454545454545455, ""support"": 110}, ""sadness"": {""f1"": 0.8345323741007195, ""precision"": 0.7945205479452054, ""recall"": 0.8787878787878788, ""support"": 132}, ""surprise"": {""f1"": 0.7721179624664879, ""precision"": 0.8044692737430168, ""recall"": 0.7422680412371134, ""support"": 194}}}, ""hin"": {""n_samples"": 738, ""macro_f1"": 0.8538260515249341, ""micro_f1"": 0.8554006968641115, ""per_label"": {""joy"": {""f1"": 0.8759124087591241, ""precision"": 0.8759124087591241, ""recall"": 0.8759124087591241, ""support"": 137}, ""anger"": {""f1"": 0.7659574468085106, ""precision"": 0.8571428571428571, ""recall"": 0.6923076923076923, ""support"": 104}, ""fear"": {""f1"": 0.89, ""precision"": 0.9270833333333334, ""recall"": 0.8557692307692307, ""support"": 104}, ""sadness"": {""f1"": 0.8387096774193549, ""precision"": 0.7697368421052632, ""recall"": 0.9212598425196851, ""support"": 127}, ""surprise"": {""f1"": 0.8985507246376812, ""precision"": 0.8857142857142857, ""recall"": 0.9117647058823529, ""support"": 102}}}}",461.9
9,0.7888,0.7916,0.7933,0.7954,,"{""chn"": {""n_samples"": 1275, ""macro_f1"": 0.7242106340526768, ""micro_f1"": 0.79340357306459, ""per_label"": {""joy"": {""f1"": 0.8765432098765432, ""precision"": 0.8949579831932774, ""recall"": 0.8588709677419355, ""support"": 248}, ""anger"": {""f1"": 0.8330308529945554, ""precision"": 0.8776290630975143, ""recall"": 0.7927461139896373, ""support"": 579}, ""fear"": {""f1"": 0.5714285714285714, ""precision"": 0.5641025641025641, ""recall"": 0.5789473684210527, ""support"": 38}, ""sadness"": {""f1"": 0.6435331230283912, ""precision"": 0.6496815286624203, ""recall"": 0.6375, ""support"": 160}, ""surprise"": {""f1"": 0.6965174129353234, ""precision"": 0.6363636363636364, ""recall"": 0.7692307692307693, ""support"": 91}}}, ""deu"": {""n_samples"": 1230, ""macro_f1"": 0.670461175662186, ""micro_f1"": 0.7257590597453477, ""per_label"": {""joy"": {""f1"": 0.7331887201735358, ""precision"": 0.8086124401913876, ""recall"": 0.6706349206349206, ""support"": 252}, ""anger"": {""f1"": 0.8076923076923077, ""precision"": 0.8596491228070176, ""recall"": 0.7616580310880829, ""support"": 386}, ""fear"": {""f1"": 0.5887096774193549, ""precision"": 0.5488721804511278, ""recall"": 0.6347826086956522, ""support"": 115}, ""sadness"": {""f1"": 0.7183673469387755, ""precision"": 0.7096774193548387, ""recall"": 0.7272727272727273, ""support"": 242}, ""surprise"": {""f1"": 0.5043478260869565, ""precision"": 0.4915254237288136, ""recall"": 0.5178571428571429, ""support"": 56}}}, ""eng"": {""n_samples"": 1225, ""macro_f1"": 0.7583305629506119, ""micro_f1"": 0.7919571045576408, ""per_label"": {""joy"": {""f1"": 0.7364620938628159, ""precision"": 0.8680851063829788, ""recall"": 0.6394984326018809, ""support"": 319}, ""anger"": {""f1"": 0.6515151515151515, ""precision"": 0.7818181818181819, ""recall"": 0.5584415584415584, ""support"": 154}, ""fear"": {""f1"": 0.8623853211009175, ""precision"": 0.8346994535519126, ""recall"": 0.891970802919708, ""support"": 685}, ""sadness"": {""f1"": 0.7696139476961394, ""precision"": 0.7667493796526055, ""recall"": 0.7725, ""support"": 400}, ""surprise"": {""f1"": 0.7716763005780347, ""precision"": 0.7946428571428571, ""recall"": 0.75, ""support"": 356}}}, ""esp"": {""n_samples"": 871, ""macro_f1"": 0.8344095135285924, ""micro_f1"": 0.8379272326350606, ""per_label"": {""joy"": {""f1"": 0.894927536231884, ""precision"": 0.9391634980988594, ""recall"": 0.8546712802768166, ""support"": 289}, ""anger"": {""f1"": 0.7866323907455013, ""precision"": 0.765, ""recall"": 0.8095238095238095, ""support"": 189}, ""fear"": {""f1"": 0.8648648648648649, ""precision"": 0.8571428571428571, ""recall"": 0.8727272727272727, ""support"": 110}, ""sadness"": {""f1"": 0.8256227758007118, ""precision"": 0.7785234899328859, ""recall"": 0.8787878787878788, ""support"": 132}, ""surprise"": {""f1"": 0.8, ""precision"": 0.8409090909090909, ""recall"": 0.7628865979381443, ""support"": 194}}}, ""hin"": {""n_samples"": 738, ""macro_f1"": 0.8644510494075126, ""micro_f1"": 0.8676599474145487, ""per_label"": {""joy"": {""f1"": 0.8880597014925373, ""precision"": 0.9083969465648855, ""recall"": 0.8686131386861314, ""support"": 137}, ""anger"": {""f1"": 0.7978723404255319, ""precision"": 0.8928571428571429, ""recall"": 0.7211538461538461, ""support"": 104}, ""fear"": {""f1"": 0.8504672897196262, ""precision"": 0.8272727272727273, ""recall"": 0.875, ""support"": 104}, ""sadness"": {""f1"": 0.8838951310861424, ""precision"": 0.8428571428571429, ""recall"": 0.9291338582677166, ""support"": 127}, ""surprise"": {""f1"": 0.9019607843137255, ""precision"": 0.9019607843137255, ""recall"": 0.9019607843137255, ""support"": 102}}}}",456.1
